company,company_link,company_rating
Centre For Neuro Skills,www.indeed.com/cmp/Centre-For-Neuro-Skills,3.4
Denver Health,www.indeed.com/cmp/Denver-Health,3.6
GM Financial,www.indeed.com/cmp/GM-Financial,3.6
Home Depot / THD,www.indeed.com/cmp/The-Home-Depot,3.7
Southwest Behavior,www.indeed.com/cmp/Southwest-Autism-&-Behavioral-Solutions-1,3.7
NewYork-Presbyterian Hospital,www.indeed.com/cmp/Newyork--presbyterian-Hospital,4.2
El Camino Health,www.indeed.com/cmp/El-Camino-Health-3,4.0
Disney,www.indeed.com/cmp/The-Walt-Disney-Company,4.1
Booz Allen Hamilton,www.indeed.com/cmp/Booz-Allen-Hamilton,3.9
Phoenix Loss Control,www.indeed.com/cmp/Phoenix-Loss-Control,4.2
Jefferson County Colorado,www.indeed.com/cmp/Jefferson-County-Colorado,3.2
Fora Financial LLC,www.indeed.com/cmp/Fora-Financial-LLC,3.7
Pinterest,www.indeed.com/cmp/Pinterest,4.2
Clutter,www.indeed.com/cmp/Clutter,3.1
McGill Restoration,www.indeed.com/cmp/Mcgill-Restoration,4.3
"QTC Management, Inc.",www.indeed.com/cmp/Qtc-Management-Inc.---A-Leidos-Co.,2.8
AES Corporation,,
Ruan Transportation Management Systems,www.indeed.com/cmp/Ruan,3.3
CloudBig Technology,,
Silent Falcon UAS Technologies,,
Zora,,
Northwell Health,www.indeed.com/cmp/Northwell-Health,3.9
Devcare Solutions,www.indeed.com/cmp/Devcare-Solutions,3.7
Alaka`ina Foundation Family of Companies,www.indeed.com/cmp/Alaka-Ina-Foundation-Family-of-Companies,3.3
WorkCog,,
Overhead Door Corporation,www.indeed.com/cmp/Overhead-Door-Corporation,3.3
Ivy Tech Solutions inc,www.indeed.com/cmp/Ivy-Tech-Solutions-Inc,4.5
DBAMART INC,,
Blizzard Entertainment,www.indeed.com/cmp/Blizzard-Entertainment,3.9
Combined Computer Resources,www.indeed.com/cmp/Combined-Computer-Resources,4.0
Driscoll Health,,
DeCrescente Distributing Company,www.indeed.com/cmp/Decrescente-Distributing,3.8
Riverside Research,www.indeed.com/cmp/Riverside-Research,3.6
PenFed Credit Union,www.indeed.com/cmp/Penfed-Credit-Union,3.1
PayPal,www.indeed.com/cmp/Paypal,3.9
Soar Autism Center,www.indeed.com/cmp/Soar-Autism-Center-1,4.8
Sounds True,www.indeed.com/cmp/Sounds-True,4.0
BOEING,www.indeed.com/cmp/Boeing,3.9
American Unit Inc,,
The Trevor Project,www.indeed.com/cmp/The-Trevor-Project,4.2
Radiant Systems,,
iiicareer / Interesse International Inc.,www.indeed.com/cmp/Iiicareer-Interesse-International-Inc.,4.5
TikTok,www.indeed.com/cmp/Tiktok,3.5
mCubed Staffing,,
Infosys,www.indeed.com/cmp/Infosys,3.9
Robert Half,www.indeed.com/cmp/Robert-Half,3.9
Leidos,www.indeed.com/cmp/Leidos,3.7
ARK Solutions,www.indeed.com/cmp/Ark-Solutions,4.3
SourceFly,,
Clairvoyant,,
Nike,www.indeed.com/cmp/Nike,4.1
DataEdge Usa,,
"North Central Mental Health Services, Inc.",www.indeed.com/cmp/North-Central-Mental-Health-Services,3.1
La Clinica de Familia Inc.,,
Ogletree Deakins,www.indeed.com/cmp/Ogletree-Deakins,3.3
YES Communities,www.indeed.com/cmp/Yes!-Communities,3.0
BioMarin Pharmaceutical Inc.,www.indeed.com/cmp/Biomarin-Pharmaceutical-Inc.-1,4.0
SPECTRUM,www.indeed.com/cmp/Spectrum-1,3.3
Affine Inc,,
Convera,,
Strategic Staffing Solutions,www.indeed.com/cmp/Strategic-Staffing-Solutions,3.6
Insight Global,www.indeed.com/cmp/Insight-Global,3.9
JBL Resources,www.indeed.com/cmp/Jbl-Resources,3.9
Public Consulting Group,www.indeed.com/cmp/Public-Consulting-Group,3.9
The New York Times,www.indeed.com/cmp/The-New-York-Times,4.0
TEKsystems,www.indeed.com/cmp/TEKsystems,3.9
Autodesk,www.indeed.com/cmp/Autodesk,4.1
California Department of Social Services,,
Instruction Partners,www.indeed.com/cmp/Instruction-Partners,4.8
SRIVANGO TECHNOLOGIES,,
Juristat,,
"Latitude 36 Foods, LLC",www.indeed.com/cmp/Latitude-36-Foods-LLC,2.1
Creative Financial Staffing,www.indeed.com/cmp/Creative-Financial-Staffing,4.0
Raise Recruiting,www.indeed.com/cmp/Raise-Recruiting,5.0
The Burchell Group Inc.,,
Indotronix International Corporation,www.indeed.com/cmp/Indotronix-International-Corp,4.1
Experis,www.indeed.com/cmp/Experis,3.5
UnitedHealth Group,www.indeed.com/cmp/UnitedHealth-Group,3.6
University Hospitals,www.indeed.com/cmp/University-Hospitals-3,3.9
Planned Parenthood Federation of America,www.indeed.com/cmp/Planned-Parenthood,3.6
Ascension,www.indeed.com/cmp/Ascension,3.6
Billtrust Careers,,
MKS2 Technologies,www.indeed.com/cmp/Mks2-Technologies-1,4.0
The Berger Group,,
Firstsource Healthcare,www.indeed.com/cmp/Firstsource-Solutions-1,3.3
Acetech Group,,
Syntagma Group,www.indeed.com/cmp/Syntagma-Group,3.0
Vaco,www.indeed.com/cmp/Vaco,3.7
Managed Care Advisors,www.indeed.com/cmp/Managed-Care-Advisors,3.8
CyberCoders,www.indeed.com/cmp/Cybercoders,3.7
International Financial Group (IFG),www.indeed.com/cmp/International-Financial-Group-4,3.4
"InfoMart, Inc.",www.indeed.com/cmp/Infomart-4,3.1
General Dynamics Information Technology,www.indeed.com/cmp/General-Dynamics-Information-Technology,3.7
STM Consulting.INC,,
"Khoj Information Technology, Inc.",,
1point system,,
Intellibee,,
iTrending Solutions,,
Revel IT,www.indeed.com/cmp/Revel-IT-1,5.0
Scientific Search,www.indeed.com/cmp/Scientific-Search,4.0
Becker Wright Consultants,www.indeed.com/cmp/Becker-Wright-Consultants,4.3
Affiliated Distributors (AD),www.indeed.com/cmp/Affiliated-Distributors-(ad),3.9
Logical Paradigm LLC,www.indeed.com/cmp/Logical-Paradigm-LLC,4.5
Advantage Technical,www.indeed.com/cmp/Advantage-Technical,4.3
ClientSolv Technologies,www.indeed.com/cmp/Clientsolv-Technologies,2.5
Amazon,www.indeed.com/cmp/Amazon.com,3.5
Adobe,www.indeed.com/cmp/Adobe,4.3
Nintendo of America Inc.,www.indeed.com/cmp/Nintendo,4.1
Mercy Health,www.indeed.com/cmp/Trinity-Health,3.2
"Atmosfy, Inc",,
UtiliSave LLC,,
"Input 1, LLC",www.indeed.com/cmp/Input-1,3.2
Dunhill Staffing Systems,www.indeed.com/cmp/Dunhill-Staffing-Systems,4.0
FSA Federal,www.indeed.com/cmp/Fsa-2a71b5c1,3.5
CVR Associates,www.indeed.com/cmp/Cvr-Associates,2.9
Church & Dwight,www.indeed.com/cmp/Church-&-Dwight-Co.,3.4
Pearson,www.indeed.com/cmp/Pearson,3.7
Apptrics LLC,,
Fabletics,www.indeed.com/cmp/Fabletics,4.3
Procal Technologies,,
Walmart Call Center,www.indeed.com/cmp/Walmart,3.4
AccruePartners,www.indeed.com/cmp/Accrue-Partners,4.3
GENUENT,,
Mack & Associates,www.indeed.com/cmp/Mack-&-Associates,4.1
Beacon ABA Services,www.indeed.com/cmp/Beacon-Aba-Services,3.0
Rock Central,www.indeed.com/cmp/Rock-Central,3.0
United We Dream,www.indeed.com/cmp/United-We-Dream,4.0
Tri-Force Consulting Services,,
"DoorDash, Inc.",www.indeed.com/cmp/Doordash,3.3
Dentsply Sirona,www.indeed.com/cmp/Dentsply-Sirona,3.5
"Kard Financial, Inc.",,
"ClearCaptions, LLC","www.indeed.com/cmp/Clearcaptions,-LLC",2.4
Tek Ninjas,,
Xcel Energy,www.indeed.com/cmp/Xcel-Energy,3.6
LOCKHEED MARTIN CORPORATION,www.indeed.com/cmp/Lockheed-Martin,4.0
Republic Services,www.indeed.com/cmp/Republic-Services,3.1
Blue Cross Blue Shield of Michigan,www.indeed.com/cmp/Blue-Cross-Blue-Shield-of-Michigan,3.8
"Center for Internet Security, Inc.",www.indeed.com/cmp/Center-For-Internet-Security,4.5
Datalab USA,www.indeed.com/cmp/Datalab-USA,4.0
Athena Actuarial Consulting,,
Universal Processing,www.indeed.com/cmp/Universal-Processing,3.6
Spokeo,www.indeed.com/cmp/Spokeo,3.3
Oscar Health,www.indeed.com/cmp/Oscar-Health-1,3.3
LendingUSA,,
Symetra,www.indeed.com/cmp/Symetra,3.2
GPRS,www.indeed.com/cmp/Gprs-2,3.9
Excelsior Engineering,,
Greystar Real Estate Partners LLC,www.indeed.com/cmp/Greystar-1,3.5
Mainz Brady Group,www.indeed.com/cmp/Mainz-Brady-Group,3.7
Easy Payroll Global,,
Coventry WCS,www.indeed.com/cmp/Coventry-Wcs,3.0
Somatus,www.indeed.com/cmp/Somatus,3.1
Utilisave,"www.indeed.com/cmp/Utilisave,-LLC",3.2
TransUnion,www.indeed.com/cmp/Transunion,3.8
Carlisle Companies Incorporated,,
Enstar Group,www.indeed.com/cmp/Enstar-Group,3.4
Devcare,,
Aries Solutions,,
Protective Life Corporation,www.indeed.com/cmp/Protective-Life-Insurance,3.6
Chase Cost Management LLC,,
SRP Companies,www.indeed.com/cmp/Strategic-Retail-Partners,2.8
1 Point System LLC,,
Intuit,www.indeed.com/cmp/Intuit,4.2
Merchant Centric,,
NikSoft Systems Corp.,,
RPO International,,
Decide,,
Michael Page,www.indeed.com/cmp/Michael-Page,3.6
ServiceTitan,www.indeed.com/cmp/Servicetitan,4.0
BECOME AN OSTRONAUT,,
FreedomCare,www.indeed.com/cmp/Freedom-Care-7,4.3
Goldman Sachs,www.indeed.com/cmp/Goldman-Sachs,4.0
Dhatronictech,,
Parsley Health,,
Biogen,www.indeed.com/cmp/Biogen,4.0
Crain Communications,www.indeed.com/cmp/Crain-Communications,4.0
DISH Network,,
itexpertus,,
"TeamSoft, Inc - a Peoplelink Company",www.indeed.com/cmp/Teamsoft-Inc,4.2
pulseData,,
HyreCar,"www.indeed.com/cmp/Hyrecar,-Inc.",1.8
Center for Sports Medicine & Orthopaedics,www.indeed.com/cmp/Center-For-Sports-Medicine-and-Orthopaedics,4.1
FutureRecruit,,
Business Integra Inc,www.indeed.com/cmp/Business-Integra-Inc,3.7
Acunor,,
nLeague Services Inc.,,
IXIS Digital,,
First Notch Technology,,
University of Missouri - Kansas City,www.indeed.com/cmp/University-of-Missouri--kansas-City,4.2
Asset Capital Market,,
Pancreatic Cancer Action Network,www.indeed.com/cmp/Pancreatic-Cancer-Action-Network,3.5
CodeSignal,www.indeed.com/cmp/Codesignal-2,5.0
Danone,www.indeed.com/cmp/Danone,4.1
Evio,,
City and County of Denver,www.indeed.com/cmp/City-and-County-of-Denver,3.6
VET ech,,
Cognitive Medical Systems,www.indeed.com/cmp/Cognitive-Medical-Systems,2.8
"iHeartMedia, Inc.",www.indeed.com/cmp/Iheartmedia-c6ba492c,3.5
Shared Services Center,www.indeed.com/cmp/Virginia-Community-College-System,2.8
Raytheon Technologies Corporate Headquarters,,
Randall-Reilly,www.indeed.com/cmp/Randall--reilly,4.3
Nthline solutions LLC,,
Mayo Clinic,www.indeed.com/cmp/Mayo-Clinic,4.0
U.S. Bank National Association,www.indeed.com/cmp/U.S.-Bank,3.6
Colgate-Palmolive,www.indeed.com/cmp/Colgate--palmolive,4.3
"Lignetics, Inc.","www.indeed.com/cmp/Lignetics,-Inc.",2.6
University of California San Francisco,www.indeed.com/cmp/University-of-California---SAN-Francisco,4.1
CorroHealth,www.indeed.com/cmp/Corrohealth,3.0
Accenture,www.indeed.com/cmp/Accenture,4.0
Infinite Computing Systems,www.indeed.com/cmp/Infinite-Computer-Solution,3.6
"US News & World Report ,L.P.",www.indeed.com/cmp/US-News-&-World-Report,3.5
EmblemHealth,,
Hanker systems LLC,,
City of Seattle,www.indeed.com/cmp/City-of-Seattle,3.8
,,
Ironhack,www.indeed.com/cmp/Ironhack,4.5
Zillion Technologies,www.indeed.com/cmp/Zillion-Technologies,3.3
TheMathCompany,,
Nordstrom Inc,www.indeed.com/cmp/Nordstrom,3.8
NRG,www.indeed.com/cmp/Nrg-Energy,3.7
ClearChoice Dental Implant Centers,www.indeed.com/cmp/Clearchoice-Dental-Implant-Centers,2.7
University of California - Irvine,"www.indeed.com/cmp/University-of-California,-Irvine",4.3
CompuGain,www.indeed.com/cmp/Compugain,3.9
BET+,,
Coefficient,,
"Advanced Energy Industries, Inc","www.indeed.com/cmp/Advanced-Energy-Industries,-Inc.",3.6
American Express Global Business Travel,www.indeed.com/cmp/American-Express-Global-Business-Travel,3.7
Vetro Tech Inc,,
Ericsson,www.indeed.com/cmp/Ericsson--worldwide-1,4.1
Childrens Hospital of The Kings Daughters,www.indeed.com/cmp/Children's-Hospital-of-the-King's-Daughters,3.8
Federal Reserve Bank of New York,www.indeed.com/cmp/Federal-Reserve-Bank-of-New-York,4.1
Community Health Resources (CHR),www.indeed.com/cmp/Community-Health-Resources-2,3.2
Cranial Technologies,www.indeed.com/cmp/Cranial-Technologies,2.9
Crocs,www.indeed.com/cmp/Crocs,3.6
Vital Farms,www.indeed.com/cmp/Vital-Farms,3.3
United Airlines Inc.,www.indeed.com/cmp/United-Airlines,4.0
ALCglobalSoftware,,
Open Door Community Health Centers,www.indeed.com/cmp/Open-Door-Community-Health-Centers,3.8
Live Nation,www.indeed.com/cmp/Live-Nation,4.1
Agama Solutions,www.indeed.com/cmp/Agama-Solutions,3.8
The Joint Commission,www.indeed.com/cmp/The-Joint-Commission,3.8
LeewayHertz,,
Ingress IT Solutions,,
CareFirst BlueCross BlueShield,www.indeed.com/cmp/Carefirst-Bluecross-Blueshield,3.9
Mastercard,www.indeed.com/cmp/Mastercard,4.0
American Unit,,
University of Colorado Medicine,www.indeed.com/cmp/University-of-Colorado-Medicine,3.5
"ACM Analytics, LLC",,
BlueCross BlueShield of South Carolina,www.indeed.com/cmp/Blue-Cross-Blue-Shield,3.7
Busey Bank,www.indeed.com/cmp/First-Busey-Corporation,3.4
Saimon System,,
Hanker System's,,
HealthVerity,www.indeed.com/cmp/Healthverity,5.0
precision technologies corp,www.indeed.com/cmp/Precision-Technologies-Corp,3.7
Grainger,www.indeed.com/cmp/Grainger,3.6
Scripps Health,www.indeed.com/cmp/Scripps-Health,4.0
DEVX,,
Starbucks,www.indeed.com/cmp/Starbucks,3.9
Bamboo Health,www.indeed.com/cmp/Bamboo-Health,4.0
MARS Solutions Group,www.indeed.com/cmp/Mars-Solutions-Group-90daf726,4.3
The Nature Conservancy,www.indeed.com/cmp/The-Nature-Conservancy,4.1
Microflexinfra,,
University Corporation for Atmospheric Research,www.indeed.com/cmp/University-Corporation-For-Atmospheric-Research,3.6
Johnson & Johnson,www.indeed.com/cmp/Johnson-&-Johnson,4.2
Nest Tech,,
Trinidad Benham,www.indeed.com/cmp/Trinidad-Benham,3.5
UC Irvine Health,www.indeed.com/cmp/Uc-Irvine-Health,3.8
TSI,www.indeed.com/cmp/Tsi,3.6
The Hanover Insurance Group,www.indeed.com/cmp/The-Hanover-Insurance-Group,3.7
CuraLinc Healthcare,www.indeed.com/cmp/Curalinc-Healthcare-2,4.1
Pulley,,
Comcast,www.indeed.com/cmp/Comcast,3.7
Embedded Techniques,,
LendingTree,www.indeed.com/cmp/Lendingtree,3.5
LPL Financial,www.indeed.com/cmp/Lpl-Financial,3.6
Kroenke Sports Enterprises,www.indeed.com/cmp/Kroenke-Sports-Enterprises,4.1
Fidelity Investments,www.indeed.com/cmp/Fidelity-Investments,4.0
New York City Council,www.indeed.com/cmp/New-York-City-Council,4.3
UCLA Health,www.indeed.com/cmp/Ucla-Health,4.0
Strive Health,www.indeed.com/cmp/Strive-Health,3.8
Amazon.com Services LLC,www.indeed.com/cmp/Amazon.com,3.5
"Strategic Resources, Inc.","www.indeed.com/cmp/Strategic-Resources,-Inc.",3.6
General Motors,www.indeed.com/cmp/General-Motors,4.0
Clearlink,www.indeed.com/cmp/Clearlink,3.2
Memorial Sloan Kettering Cancer Center,www.indeed.com/cmp/Memorial-Sloan-Kettering,4.1
Sift,www.indeed.com/cmp/Sift,4.3
Mintel,www.indeed.com/cmp/Mintel,3.8
AAA Auto Club Group,www.indeed.com/cmp/Aaa-the-Auto-Club-Group,3.2
AOI Today,,
Fisher & Phillips LLP,www.indeed.com/cmp/Fisher-&-Phillips-LLP,3.4
University of Kentucky,www.indeed.com/cmp/University-of-Kentucky,4.1
TRESUME,,
Sierra Space,www.indeed.com/cmp/Sierra-Space,2.8
ASH HR Consulting,,
Mindsgroup Infotech LLC,,
Community Tech Alliance,,
TARGET,www.indeed.com/cmp/Target,3.6
"City of Grand Junction, Colorado",,
Aramark,www.indeed.com/cmp/Aramark,3.5
Monigle Associates Inc,www.indeed.com/cmp/Monigle-Associates,4.2
"IMA Financial Group, Inc.",www.indeed.com/cmp/Ima-Financial-Group,3.0
Zenotis Technologies INC,,
CloudServiceTek,,
Rardin Healthcare,,
Health & Human Services Comm,www.indeed.com/cmp/Texas-Health-and-Human-Services-Commission,3.3
"Foot Locker Corporate Services, Inc.",www.indeed.com/cmp/Foot-Locker,3.9
Molina Healthcare,www.indeed.com/cmp/Molina-Healthcare,3.2
ASSURANCE,www.indeed.com/cmp/Assurance-Iq,3.1
Gainwell Technologies LLC,www.indeed.com/cmp/Gainwell-Technologies-LLC,2.7
Teleperformance,www.indeed.com/cmp/Teleperformance,3.6
Princess Cruises,www.indeed.com/cmp/Princess-Cruises,4.1
UKey Career Solutions,,
UTMB Health,www.indeed.com/cmp/University-of-Texas-Medical-Branch,3.9
Big Fish Games,www.indeed.com/cmp/Big-Fish-Games,3.5
Esiw LLC,,
CarePoint Health,,
"AMA Consulting Group, LLC",,
AM LLC,www.indeed.com/cmp/Am-LLC-2,3.4
Amica Mutual Insurance Company,www.indeed.com/cmp/Amica-Insurance-Company,3.6
CoinTracker,,
ASRC Federal Holding Company,www.indeed.com/cmp/Asrc-Federal,3.4
Intermountain Healthcare,www.indeed.com/cmp/Intermountain-Healthcare,3.7
"Second Wave Delivery Systems, LLC",,
Google,www.indeed.com/cmp/Google,4.3
BACloudSystems,,
Precision Technology,www.indeed.com/cmp/Precision-Technology,3.5
X2Logics,,
LCMC Health,www.indeed.com/cmp/Lcmc-Health,3.0
Heyday Skincare Corporate,,
Level Ex,,
GeneDx,www.indeed.com/cmp/Genedx,2.8
Evergreen Nephrology,,
Practical Data Solutions,,
coty,www.indeed.com/cmp/Coty-5,3.6
Luttechub,,
Mount Sinai,www.indeed.com/cmp/Mount-Sinai-Health-System,3.7
Central Health,www.indeed.com/cmp/Central-Health,4.0
Tesla,www.indeed.com/cmp/Tesla,3.4
Children's Hospital Colorado,www.indeed.com/cmp/Children's-Hospital-Colorado,3.9
AIVantage INC,,
Clarify Health Solutions.,,
Skill Quotient,,
Bedrock Ocean Exploration,,
Net2Aspire,,
Housecall Pro,www.indeed.com/cmp/Housecall-Pro,5.0
Dun & Bradstreet,www.indeed.com/cmp/Dun-&-Bradstreet,3.7
Digipath Infotech,,
Radiant.digital,,
Invesco,www.indeed.com/cmp/Invesco,3.9
Frontiers,www.indeed.com/cmp/Frontiers,4.6
Eternal Word Television Network,www.indeed.com/cmp/Ewtn-Global-Catholic-Network,4.5
TechnologyAdvice,,
Smithfield Foods,www.indeed.com/cmp/Smithfield-Foods,3.4
Data Trust,www.indeed.com/cmp/Data-Trust,3.0
Riskified,,
Arizona State University,www.indeed.com/cmp/Arizona-State-University,4.2
QuinStreet,www.indeed.com/cmp/Quinstreet-1,3.1
Corporate Tools,www.indeed.com/cmp/Corporate-Tools,4.2
AgileTek Solution LLC,,
State of Montana,www.indeed.com/cmp/State-of-Montana,3.4
hims & hers,,
Premier Members Credit Union,www.indeed.com/cmp/Premier-Members-Credit-Union,3.2
Corsearch,www.indeed.com/cmp/Corsearch,2.9
Dollar Tree,www.indeed.com/cmp/Dollar-Tree,3.3
"Boulder County, CO","www.indeed.com/cmp/Boulder-County,-Co",3.9
Substack,,
GlobalSoftSolution,,
Lynker Corporation,,
Planned Parenthood of Greater Ohio,www.indeed.com/cmp/Planned-Parenthood,3.6
Purdue University,www.indeed.com/cmp/Purdue-University,4.2
Stanford University,www.indeed.com/cmp/Stanford-University,4.2
Vivian Health,,
Guidepoint Global,,
National Consumer Panel,www.indeed.com/cmp/National-Consumer-Panel,3.8
"Raso Solutions, LLC",,
Snappyhires,,
Vanderbilt University Medical Center,www.indeed.com/cmp/Vanderbilt-University-Medical-Center,3.8
WALGREENS,www.indeed.com/cmp/Walgreens,3.5
Unagi,,
The Leukemia & Lymphoma Society,www.indeed.com/cmp/Leukemia-&-Lymphoma-Society,3.8
Coahoma Community College,www.indeed.com/cmp/Coahoma-Community-College,4.1
sgsco,www.indeed.com/cmp/Southern-Graphic-Systems-6,2.9
Deloitte,www.indeed.com/cmp/Deloitte,3.9
Havenly,www.indeed.com/cmp/Havenly,1.7
Oklahoma Complete Health,www.indeed.com/cmp/Centene,3.2
Braintrust,www.indeed.com/cmp/Braintrust,4.5
Recidiviz Careers,,
Guidepoint,www.indeed.com/cmp/Guidepoint-ab63f318,3.4
RD DIGITAL SOLUTIONS,,
Efficio Consulting,,
ProFocus,,
Children's Minnesota,www.indeed.com/cmp/Children's-Minnesota,3.4
SCO Family of Services,www.indeed.com/cmp/Sco-Family-of-Services,3.2
Intellectual Concepts LLC,,
SEIU 775 Benefits Group,www.indeed.com/cmp/Seiu-775-Benefits-Group,3.7
Snapsheet,www.indeed.com/cmp/Snapsheet,2.5
Allina Health System,www.indeed.com/cmp/Allina-Health,3.7
Denver Public Schools,www.indeed.com/cmp/Denver-Public-Schools,3.6
Lenovo,www.indeed.com/cmp/Lenovo,3.9
PGA Tour,www.indeed.com/cmp/Pga-Tour,4.2
"Advantageous Strategies, LLC",,
Plante Moran,www.indeed.com/cmp/Plante-Moran,3.6
State of Colorado Job Opportunities,www.indeed.com/cmp/State-of-Colorado,3.3
CCI Consulting Services Inc,,
United States Steel,www.indeed.com/cmp/United-States-Steel,3.4
Atomic,,
"Lynx Technology Partners, LLC",www.indeed.com/cmp/Lynx-Technology-Partners,2.7
American Equity,www.indeed.com/cmp/American-Equity-(ael),3.8
National Football League,www.indeed.com/cmp/National-Football-League,4.4
Amgen,www.indeed.com/cmp/Amgen,4.0
"NBTY, Inc.",,
Healthy Alliance,www.indeed.com/cmp/Healthy-Alliance,4.4
Teaching Lab,,
Samprasoft,,
Webstaurant Store,www.indeed.com/cmp/Clark-Associates,2.8
"Valued Relationships, Inc.",www.indeed.com/cmp/Vri-9,3.1
AHA - AMERICAN HOSPITAL ASSOCIATION,www.indeed.com/cmp/American-Hospital-Association,3.6
Michael Kors,www.indeed.com/cmp/Michael-Kors,3.7
Kani Solutions,,
Presbyterian Healthcare Services,www.indeed.com/cmp/Presbyterian-Healthcare-Services,3.4
Unisys,www.indeed.com/cmp/Unisys-9,3.6
HealthFirst,www.indeed.com/cmp/Healthfirst,3.4
University of Florida,www.indeed.com/cmp/University-of-Florida,4.2
DICK'S Sporting Goods,www.indeed.com/cmp/Dick's-Sporting-Goods,3.4
Sephora,www.indeed.com/cmp/Sephora,3.8
Ameresco,www.indeed.com/cmp/Ameresco,3.3
"ABC Financial Services, Inc.",www.indeed.com/cmp/ABC-Fitness-Solutions-1,3.4
MIT,www.indeed.com/cmp/Massachusetts-Institute-of-Technology,4.2
TechTrueUP,www.indeed.com/cmp/Techtrueup,3.8
C-Lock Inc,,
Abarca Health,www.indeed.com/cmp/Abarca-Health,3.4
Netflix,www.indeed.com/cmp/Netflix,3.9
Elligo Health Research,www.indeed.com/cmp/Elligo-Health-Research,4.1
First American Financial Corporation,www.indeed.com/cmp/First-American-4,3.8
Venn Health Partners,,
SGRX,,
Nemours,www.indeed.com/cmp/Nemours,3.7
ComTec information system,www.indeed.com/cmp/Comtec-Information-Systems,3.7
Merit Medical,www.indeed.com/cmp/Merit-Medical,3.4
Flatiron Construction Corp,www.indeed.com/cmp/Flatiron-Construction-Corp,3.7
CMI Media Group,,
MassMutual,www.indeed.com/cmp/Massmutual,3.7
"Harvard Partners, LLP, Trusted Advisors to IT",www.indeed.com/cmp/Harvard-Partners,2.8
tekshaper Inc.,,
Allstate,www.indeed.com/cmp/Allstate-Insurance,3.7
Sunera Technologies,www.indeed.com/cmp/Sunera-Technologies,3.6
A Place for Mom,www.indeed.com/cmp/A-Place-For-Mom,3.9
ZENOTIS TECHNOLOGY PVT LTD,,
YouTube,www.indeed.com/cmp/Youtube,4.3
Jackson Lewis,www.indeed.com/cmp/Jackson-Lewis,3.5
Global Pricing Solutions,,
"Marathon Document Solutions, Inc.",,
"Aflac, Incorporated",www.indeed.com/cmp/AFLAC,3.5
Helm360,,
Propel Together,www.indeed.com/cmp/Haemonetics-Corp.,2.9
Verdani Partners,www.indeed.com/cmp/Verdani-Partners,4.7
ECS Federal,,
Eneba,,
InComm Payments,www.indeed.com/cmp/Incomm-Payments,3.3
Path Mental Health,www.indeed.com/cmp/Path-Mental-Health,4.8
Superior HealthPlan,www.indeed.com/cmp/Centene,3.2
Miracorp Inc,www.indeed.com/cmp/Miracorp,4.3
Haven Technologies,,
Kaiser Permanente,www.indeed.com/cmp/Kaiser-Permanente,4.1
Needham Bank,www.indeed.com/cmp/Needham-Bank,3.9
Management Science Associates Inc.,"www.indeed.com/cmp/Management-Science-Associates,-Inc.-1",2.7
US Defense Human Resources Activity,,
Ledger Investing,,
Data Entry - Virginia,,
Newsela,www.indeed.com/cmp/Newsela,3.9
Hicuity Health,www.indeed.com/cmp/Hicuity-Health,3.5
Strayer University,www.indeed.com/cmp/Strayer-University,3.5
dv01,,
Clario,www.indeed.com/cmp/Clario,3.8
HirexHire,,
Technokraftserve,,
NET2ASPIRE,,
Pluto TV,,
S&P Global,www.indeed.com/cmp/S&P-Global,3.9
Northrop Grumman,www.indeed.com/cmp/Northrop-Grumman,4.0
Singularity Health,,
Excelgens,,
"Above The Fray Design, Inc.",,
American Airlines,www.indeed.com/cmp/American-Airlines,4.0
Nava,,
Volto USA,,
Pace University,www.indeed.com/cmp/Pace-University,4.2
KesarWeb,,
Oregon Health Authority,www.indeed.com/cmp/Oregon-Health-Authority,3.8
Tata Technologies Inc.,www.indeed.com/cmp/Tata-Technologies,3.7
Office of the Governor,,
Ascendium Education Group,,
Progressive,www.indeed.com/cmp/Progressive,3.6
Liberty Mutual Insurance,www.indeed.com/cmp/Liberty-Mutual-Insurance,3.6
Masis Professional Group,www.indeed.com/cmp/Masis-Staffing-Solutions,3.5
Exclusive Resorts LLC,www.indeed.com/cmp/Exclusive-Resorts-LLC,3.8
Hill's Pet Nutrition,www.indeed.com/cmp/Hill's-Pet-Nutrition,3.9
"InforTalents, Inc",,
Everly Health,www.indeed.com/cmp/Everly-Health,2.4
Sanametrix,www.indeed.com/cmp/Sanametrix,4.4
Digital Strategy LLC,,
Thermo Fisher Scientific,www.indeed.com/cmp/Thermo-Fisher-Scientific,3.5
TalentoHCM,www.indeed.com/cmp/Talentohcm,4.3
Maincard,,
Global Hires Linkedin,,
Disney Media & Entertainment Distribution,www.indeed.com/cmp/Disney-Media-&-Entertainment-Distribution,4.1
Honda Dev. and Mfg. of Am LLC,www.indeed.com/cmp/Honda,4.0
Accolade,www.indeed.com/cmp/Accolade-3,3.0
Tech-brothers Infoservices,,
Equitable,www.indeed.com/cmp/Equitable-Advisors,3.5
Revecore,www.indeed.com/cmp/Revecore,2.9
National Veterinary Associates,www.indeed.com/cmp/National-Veterinary-Associates,3.4
"Hornblower Group, Inc",,
Jeffco Public Schools,www.indeed.com/cmp/Jeffco-Public-Schools,3.7
Teamware Solutions (quantum leap consulting).,,
Sojern,www.indeed.com/cmp/Sojern,4.5
Jacobs,www.indeed.com/cmp/Jacobs,3.9
ITBrainiac Inc,,
Endologix,www.indeed.com/cmp/Endologix,3.3
"GREPP USA, Inc.",,
Keck Medical Center of USC,www.indeed.com/cmp/Keck-Medicine-of-Usc,3.8
Wis Phys Svc Ins Corp,,
Anew Climate,,
Redstone Federal Credit Union,www.indeed.com/cmp/Redstone-Federal-Credit-Union,4.2
"University of California, Davis",www.indeed.com/cmp/Uc-Davis,4.2
University of South Florida,www.indeed.com/cmp/University-of-South-Florida,4.1
South Dakota State Government,www.indeed.com/cmp/South-Dakota-State-Government,3.8
NAC IT Tech LLC,,
The J. M. Smucker Company,www.indeed.com/cmp/The-J.-M.-Smucker-Company,3.6
QBE,www.indeed.com/cmp/Qbe,3.6
Enveyo,,
PACCAR,www.indeed.com/cmp/Paccar-9ca188e4,3.6
Embrace Pet Insurance,www.indeed.com/cmp/Embrace-Pet-Insurance,3.9
Wise Health System,www.indeed.com/cmp/Wise-Health-System,3.6
California Department of Housing and Community...,,
Virtue Analytics,,
Starlight Software Solutions,,
Aramark Uniform & Career Apparel LLC,www.indeed.com/cmp/Aramark,3.5
Tidal Basin,www.indeed.com/cmp/Tidal-Basin,4.0
Holland America Line,www.indeed.com/cmp/Holland-America-Line,4.0
Penske Media,www.indeed.com/cmp/Penske-Media,3.4
"TechFlow, Inc","www.indeed.com/cmp/Techflow,-Inc",3.8
VirginPulse,www.indeed.com/cmp/Virgin-Pulse,3.3
SKYGEN USA,www.indeed.com/cmp/Skygen-USA,2.8
Radian,www.indeed.com/cmp/Radian-Group-Inc.,3.5
UCLA,www.indeed.com/cmp/University-of-California-Los-Angeles,4.2
CIBC,www.indeed.com/cmp/Cibc,3.8
Umpqua Health,www.indeed.com/cmp/Umpqua-Health,2.6
Pine Park Health,,
Concentrix Catalyst,www.indeed.com/cmp/Concentrix-Catalyst-1,3.5
Change Healthcare,www.indeed.com/cmp/Change-Healthcare,3.0
Northrop Grumman Federal Credit Union,www.indeed.com/cmp/Northrop-Grumman-Federal-Credit-Union,2.9
FirstEnergy Corp,www.indeed.com/cmp/Firstenergy,3.5
Amentum,www.indeed.com/cmp/Amentum,3.8
Shields Health Solutions,www.indeed.com/cmp/Shields-Health-Solutions,4.0
Farallon Capital Management,,
Client at ATR International,,
Rainforest Alliance Consultants & Internships,,
Hermitage Infotech,,
"PrimePay, LLC",www.indeed.com/cmp/Primepay,2.8
Playrix,,
Datavant,www.indeed.com/cmp/Datavant,3.1
FULLER THEOLOGICAL,,
West Valley College,www.indeed.com/cmp/West-Valley-College,4.3
Aspirus Health System,www.indeed.com/cmp/Aspirus,3.3
Constellation,www.indeed.com/cmp/Constellation-Energy,3.7
Alliance for a Healthier Generation,www.indeed.com/cmp/Alliance-For-A-Healthier-Generation,3.8
Green Dot Corporation,www.indeed.com/cmp/Green-Dot-Corporation,3.4
Truveta,,
University of Texas at Dallas,www.indeed.com/cmp/University-of-Texas-At-Dallas,4.3
dottob,,
Flexon Technologies Inc,,
STN Digital,,
Ultranauts Inc.,,
Grant Street Group,www.indeed.com/cmp/Grant-Street-Group,3.7
College Possible Leadership Team,,
"ViewRay, Inc.",,
Zayo Group,www.indeed.com/cmp/Zayo-Group,2.7
Cava Connect,,
"RE/MAX, LLC",www.indeed.com/cmp/Re__max,4.1
DWGAS,,
"US Commander, Navy Installations","www.indeed.com/cmp/US-Commander,-Navy-Installations",4.0
Baldwin Risk Partners,,
GOCOOL,,
"John Burns Real Estate Consulting, LLC",,
CVS Health,www.indeed.com/cmp/CVS-Health,3.3
BNY Mellon,www.indeed.com/cmp/Bny-Mellon,3.5
Amivero,www.indeed.com/cmp/Amivero,4.8
Vendr,,
The University Of Denver,www.indeed.com/cmp/University-of-Denver,4.2
"FreightWaves, Inc.",,
Oceaneering,www.indeed.com/cmp/Oceaneering,3.8
Ad Hoc Labs,,
"Scott County, MN",,
State of Ohio Jobs,www.indeed.com/cmp/State-of-Ohio,3.7
findhelp,www.indeed.com/cmp/Findhelp,4.6
"Network Recovery Services, Inc.",,
MSX INTERNATIONAL,www.indeed.com/cmp/Msx-International,3.8
Teradyne,www.indeed.com/cmp/Teradyne,4.1
PCS GLOBAL TECH,www.indeed.com/cmp/Pcs-Global-Tech-1,3.3
Flight Centre Travel Group,www.indeed.com/cmp/Flight-Centre,3.4
Crohns And Colitis Foundation Inc,www.indeed.com/cmp/Crohn's-&-Colitis-Foundation-of-America,3.9
Catholic Relief Services,www.indeed.com/cmp/Catholic-Relief-Services,4.2
Florida Blue,www.indeed.com/cmp/Florida-Blue-(blue-Cross-and-Blue-Shield-of-Florida),3.9
LeadVenture,www.indeed.com/cmp/Leadventure,3.6
Apisero,,
Swisslog,www.indeed.com/cmp/Swisslog,3.5
Citizens,www.indeed.com/cmp/Citizens-2,3.4
"Mason, Bruce & Girard",,
Hopps Inc.,,
PCS Global Tech,www.indeed.com/cmp/Pcs-Global-Tech-1,3.3
Chainlink Labs,,
Mercy,www.indeed.com/cmp/Mercy-5fb85cf9,3.6
Avis Budget Group,www.indeed.com/cmp/Avis-Budget-Group,3.5
Absolute Software,www.indeed.com/cmp/Absolute-782790b8,3.4
NASDAQ,www.indeed.com/cmp/NASDAQ,3.7
Plasma Computing Group,www.indeed.com/cmp/Plasma-Computing-Group,4.0
California State University,,
Capgemini,www.indeed.com/cmp/Capgemini,3.8
Acumed LLC,www.indeed.com/cmp/Acumed-ffe1f67f,3.0
Qcentrio,www.indeed.com/cmp/Qcentrio,3.0
Tri-State Generation and Transmission Association...,www.indeed.com/cmp/Tri--state-Generation-&-Transmission,3.9
TRA'BIAN ENTERPRISES,,
thatgamecompany,,
NetSpend,www.indeed.com/cmp/Netspend,3.7
UpStream,www.indeed.com/cmp/Upstream-7,3.0
University of Rochester,www.indeed.com/cmp/University-of-Rochester,3.9
USAble Life,www.indeed.com/cmp/Usable-Life,3.4
Empower Retirement,www.indeed.com/cmp/Empower-0d6cd539,3.0
"SunPlus Data Group, Inc.","www.indeed.com/cmp/Sunplus-Data-Group,-Inc.",3.5
OceanFrogs,,
SummitStone Health Partners,www.indeed.com/cmp/Summitstone-Health-Partners,3.2
Medlytix,,
Builders FirstSource,www.indeed.com/cmp/Builders-Firstsource,3.2
